quarter,RMSE,MAE,Bias,MPE
2020Q1,6.659100117903793,6.632125359369596,-6.632125359369596,138.1692783201999
