quarter,RMSE,MAE,Bias,MPE
2021Q4,3.878517800262983,3.3045745641710256,3.3045745641710256,47.892384987985864
