quarter,RMSE,MAE,Bias,MPE
2019Q4,0.5758066331495749,0.49083959428414375,0.49083959428414375,23.373314013530656
