quarter,RMSE,MAE,Bias,MPE
2023Q3,2.7655556330929327,2.681326119661345,2.681326119661345,54.72094121757847
