quarter,RMSE,MAE,Bias,MPE
2017Q3,0.9649469111253521,0.9422610370771697,0.9422610370771697,31.40870123590565
