quarter,RMSE,MAE,Bias,MPE
2022Q4,1.1260937254461767,1.0307422074393047,1.0307422074393047,35.54283473928637
