quarter,RMSE,MAE,Bias,MPE
2025Q2,1.4884860424241046,1.269264921536353,1.269264921536353,42.308830717878436
