quarter,RMSE,MAE,Bias,MPE
2018Q4,0.263619232618148,0.23705509297010394,0.16433038977438597,6.320399606707153
