quarter,RMSE,MAE,Bias,MPE
2023Q2,0.6429167064136292,0.5025263873231578,0.08111359220654481,3.3797330086060327
