quarter,RMSE,MAE,Bias,MPE
2024Q1,0.7449019790461723,0.5642341700193623,-0.12945687979652956,-8.091054987283098
