quarter,RMSE,MAE,Bias,MPE
2019Q1,1.6030263184209141,1.5760760735026278,1.5760760735026278,49.252377296957114
