quarter,RMSE,MAE,Bias,MPE
2023Q4,1.820190290496283,1.6978675979917657,1.6978675979917657,51.45053327247774
