quarter,RMSE,MAE,Bias,MPE
2024Q3,0.997136825210604,0.7993067074077513,0.37990261786788787,13.567950638138857
