quarter,RMSE,MAE,Bias,MPE
2022Q3,1.9484088737353469,1.848478062998057,1.848478062998057,71.0953101153099
