quarter,RMSE,MAE,Bias,MPE
2020Q4,3.3278054533347214,2.967520864432171,-2.0756531434843866,-51.89132858710966
