quarter,RMSE,MAE,Bias,MPE
2024Q2,0.6896512608993344,0.5681414196630081,0.304387809875262,10.870993209830786
