quarter,RMSE,MAE,Bias,MPE
2020Q2,22.538724674453654,19.666473362878445,-19.003171711597542,57.76040033920226
