quarter,RMSE,MAE,Bias,MPE
2024Q4,0.9739489311215594,0.8297694894395805,0.1507955317550664,6.556327467611582
