quarter,RMSE,MAE,Bias,MPE
2020Q3,24.19019238612138,23.946887493764617,23.946887493764617,72.34709212617709
