quarter,RMSE,MAE,Bias,MPE
2022Q2,6.13135273674506,5.951394000576459,-5.951394000576459,661.2660000640511
