quarter,RMSE,MAE,Bias,MPE
2018Q2,1.393025688794661,1.3806270334730233,1.3806270334730233,33.67383008470789
