quarter,RMSE,MAE,Bias,MPE
2023Q1,1.2195961300658658,0.9083538154136539,-0.06646979627338097,-6.042708752125542
