quarter,RMSE,MAE,Bias,MPE
2021Q3,2.98176451073145,2.8191043322851184,-2.8191043322851184,-140.95521661425593
