quarter,RMSE,MAE,Bias,MPE
2025Q1,3.965509568840025,3.627376366404915,-3.627376366404915,1209.1254554683053
