quarter,RMSE,MAE,Bias,MPE
2019Q2,0.3635695467351238,0.26985911959179554,0.11963619942462408,5.696961877363051
