quarter,RMSE,MAE,Bias,MPE
2022Q1,5.154542671957495,4.837842451123336,-4.837842451123336,345.56017508023837
