quarter,RMSE,MAE,Bias,MPE
2017Q1,1.6771515671738015,1.6571126554093716,-1.6571126554093716,-236.73037934419594
