quarter,RMSE,MAE,Bias,MPE
2018Q1,0.33103463419053153,0.29380106240386455,-0.29380106240386455,-12.773959234950635
