quarter,RMSE,MAE,Bias,MPE
2018Q3,1.0691383549009872,1.041786570113226,1.041786570113226,29.76533057466359
