quarter,RMSE,MAE,Bias,MPE
2021Q2,3.407112442546235,2.5909747050080836,2.5576528104017044,39.34850477541083
