quarter,RMSE,MAE,Bias,MPE
2019Q3,0.27395048487380935,0.19309783046339096,0.021101234178367623,1.1105912725456646
