quarter,RMSE,MAE,Bias,MPE
2021Q1,2.483066537541338,1.9286181087183214,0.646327011234397,10.098859550537453
