quarter,RMSE,MAE,Bias,MPE
2017Q4,0.7207362763901936,0.6824499351189746,-0.20426886517033738,-7.856494814243743
