quarter,RMSE,MAE,Bias,MPE
2017Q2,0.7318055718986828,0.6533578168697691,0.5654819751037317,21.749306734758907
