quarter,RMSE,MAE,Bias,MPE
2021Q1,2.4736921550818662,1.9076261803820693,0.711155707798679,11.11180793435436
