quarter,RMSE,MAE,Bias,MPE
2021Q3,2.943092603340652,2.7859476679620765,-2.7859476679620765,-139.29738339810382
