quarter,RMSE,MAE,Bias,MPE
2019Q1,1.6344444786659182,1.5878965908336529,1.5878965908336529,49.621768463551646
