quarter,RMSE,MAE,Bias,MPE
2017Q4,0.7518973023183004,0.7066628116451076,-0.25508682360015567,-9.81103167692906
