quarter,RMSE,MAE,Bias,MPE
2017Q2,0.8700825583348466,0.775376630706312,0.7008617886408389,26.95622264003227
