quarter,RMSE,MAE,Bias,MPE
2022Q3,2.0938164711751774,1.9031941826151124,1.9031941826151124,73.19977625442739
