quarter,RMSE,MAE,Bias,MPE
2022Q4,1.5260321898047908,1.445907111354831,1.445907111354831,49.85886590878727
