quarter,RMSE,MAE,Bias,MPE
2017Q3,0.9733508616058156,0.9460785565556256,0.9460785565556256,31.535951885187508
