quarter,RMSE,MAE,Bias,MPE
2020Q3,24.252933838918075,23.997102774712463,23.997102774712463,72.4987999236026
