quarter,RMSE,MAE,Bias,MPE
2017Q1,1.7502464492006107,1.7254844055071397,-1.7254844055071397,-246.49777221530567
