quarter,RMSE,MAE,Bias,MPE
2023Q3,2.835018672860331,2.7453933802522217,2.7453933802522217,56.02843633167798
