quarter,RMSE,MAE,Bias,MPE
2023Q2,0.6376969598355496,0.4753725993320789,0.12328300091002867,5.136791704584527
