quarter,RMSE,MAE,Bias,MPE
2022Q2,6.395478703532918,6.201868308430356,-6.201868308430356,689.0964787144841
