quarter,RMSE,MAE,Bias,MPE
2020Q1,6.763062076596564,6.727709359762632,-6.727709359762632,140.1606116617215
