quarter,RMSE,MAE,Bias,MPE
2019Q3,0.3098362295041831,0.2431899088280652,-0.049716724082785414,-2.616669688567653
