quarter,RMSE,MAE,Bias,MPE
2018Q3,1.0996155503306098,1.0680498787462607,1.0680498787462607,30.51571082132173
