quarter,RMSE,MAE,Bias,MPE
2025Q1,4.007271712716901,3.625107053156478,-3.625107053156478,1208.3690177188257
