quarter,RMSE,MAE,Bias,MPE
2022Q1,5.326312190422068,4.994364101151636,-4.994364101151636,356.7402929394026
