quarter,RMSE,MAE,Bias,MPE
2018Q1,0.33866272012482845,0.2887938940491979,-0.2887938940491979,-12.556256263008608
