quarter,RMSE,MAE,Bias,MPE
2019Q4,0.511446697164002,0.4333268564330673,0.36463928202617335,17.36377533457969
