quarter,RMSE,MAE,Bias,MPE
2021Q4,3.8995615145571203,3.2672636025469135,3.2672636025469135,47.351646413723394
