quarter,RMSE,MAE,Bias,MPE
2023Q1,1.3194936034531892,0.9573511435760482,0.18197427928506463,16.543116298642236
