quarter,RMSE,MAE,Bias,MPE
2018Q4,0.2406625850153511,0.18927670761840523,0.14059642932231378,5.407554973935145
