quarter,RMSE,MAE,Bias,MPE
2024Q3,1.118953511782798,0.9237962122950337,0.4267979220605552,15.242782930734117
