quarter,RMSE,MAE,Bias,MPE
2025Q2,1.6303454668927961,1.4127557975225307,1.4127557975225307,47.09185991741769
