quarter,RMSE,MAE,Bias,MPE
2024Q4,1.0509748438055795,0.9342260915338212,0.2654514263389555,11.541366362563284
