quarter,RMSE,MAE,Bias,MPE
2024Q1,0.7060507349168479,0.5331402688982778,-0.04182579064021647,-2.6141119150135292
