quarter,RMSE,MAE,Bias,MPE
2020Q2,22.04762864855449,19.160034030136643,-17.711118350342048,53.833186475203796
