quarter,RMSE,MAE,Bias,MPE
2021Q2,3.523216194538604,2.787335908936873,2.787335908936873,42.88209090672112
