quarter,RMSE,MAE,Bias,MPE
2019Q2,0.4036600489460027,0.3078019504720805,-0.031871812678441566,-1.517705365640075
