quarter,RMSE,MAE,Bias,MPE
2018Q2,1.4508350837239434,1.4380172576738786,1.4380172576738786,35.0735916505824
