quarter,RMSE,MAE,Bias,MPE
2020Q4,2.8537368447752285,2.5759746510592976,-1.6808508668246103,-42.021271670615256
