quarter,RMSE,MAE,Bias,MPE
2024Q2,0.7116304610136008,0.5952887229809011,0.31237873129618304,11.156383260577966
