quarter,RMSE,MAE,Bias,MPE
2023Q4,1.8139422272920942,1.6745695527545372,1.6745695527545372,50.744531901652635
